﻿<?xml version="1.0" encoding="utf-8" ?>
<sellercats_list_get_response>
  <seller_cats list="true">
    <seller_cat>
      <cid>374501246</cid>
      <name>时尚女包</name>
      <parent_cid>0</parent_cid>
      <pic_url></pic_url>
      <sort_order>1</sort_order>
      <type>manual_type</type>
    </seller_cat>
    <seller_cat>
      <cid>382565971</cid>
      <name>千姿百袋</name>
      <parent_cid>374501246</parent_cid>
      <pic_url></pic_url>
      <sort_order>1</sort_order>
      <type>manual_type</type>
    </seller_cat>
    <seller_cat>
      <cid>382565974</cid>
      <name>伊诺皮具</name>
      <parent_cid>374501246</parent_cid>
      <pic_url></pic_url>
      <sort_order>2</sort_order>
      <type>manual_type</type>
    </seller_cat>
    <seller_cat>
      <cid>382565975</cid>
      <name>尚妮丫</name>
      <parent_cid>374501246</parent_cid>
      <pic_url></pic_url>
      <sort_order>3</sort_order>
      <type>manual_type</type>
    </seller_cat>
    <seller_cat>
      <cid>361480802</cid>
      <name>新品上架</name>
      <parent_cid>0</parent_cid>
      <pic_url></pic_url>
      <sort_order>2</sort_order>
      <type>manual_type</type>
    </seller_cat>
    <seller_cat>
      <cid>384387449</cid>
      <name>2011-08-21上架</name>
      <parent_cid>361480802</parent_cid>
      <pic_url></pic_url>
      <sort_order>1</sort_order>
      <type>manual_type</type>
    </seller_cat>
    <seller_cat>
      <cid>379395392</cid>
      <name>2011-08-09上架</name>
      <parent_cid>361480802</parent_cid>
      <pic_url></pic_url>
      <sort_order>2</sort_order>
      <type>manual_type</type>
    </seller_cat>
    <seller_cat>
      <cid>373814894</cid>
      <name>2011-07-23上架</name>
      <parent_cid>361480802</parent_cid>
      <pic_url></pic_url>
      <sort_order>3</sort_order>
      <type>manual_type</type>
    </seller_cat>
    <seller_cat>
      <cid>365917783</cid>
      <name>2011-07-02上架</name>
      <parent_cid>361480802</parent_cid>
      <pic_url></pic_url>
      <sort_order>4</sort_order>
      <type>manual_type</type>
    </seller_cat>
    <seller_cat>
      <cid>363141771</cid>
      <name>2011-06-24 上架</name>
      <parent_cid>361480802</parent_cid>
      <pic_url></pic_url>
      <sort_order>5</sort_order>
      <type>manual_type</type>
    </seller_cat>
    <seller_cat>
      <cid>362457808</cid>
      <name>2011-06-23上架</name>
      <parent_cid>361480802</parent_cid>
      <pic_url></pic_url>
      <sort_order>6</sort_order>
      <type>manual_type</type>
    </seller_cat>
    <seller_cat>
      <cid>361480803</cid>
      <name>2011-06-20上架</name>
      <parent_cid>361480802</parent_cid>
      <pic_url></pic_url>
      <sort_order>7</sort_order>
      <type>manual_type</type>
    </seller_cat>
    <seller_cat>
      <cid>151472453</cid>
      <name>连衣裙</name>
      <parent_cid>0</parent_cid>
      <pic_url></pic_url>
      <sort_order>3</sort_order>
      <type>manual_type</type>
    </seller_cat>
    <seller_cat>
      <cid>357589307</cid>
      <name>T恤</name>
      <parent_cid>0</parent_cid>
      <pic_url></pic_url>
      <sort_order>4</sort_order>
      <type>manual_type</type>
    </seller_cat>
    <seller_cat>
      <cid>371673407</cid>
      <name>背心</name>
      <parent_cid>0</parent_cid>
      <pic_url></pic_url>
      <sort_order>5</sort_order>
      <type>manual_type</type>
    </seller_cat>
    <seller_cat>
      <cid>357592054</cid>
      <name>饰品</name>
      <parent_cid>0</parent_cid>
      <pic_url></pic_url>
      <sort_order>6</sort_order>
      <type>manual_type</type>
    </seller_cat>
    <seller_cat>
      <cid>357593160</cid>
      <name>上衣</name>
      <parent_cid>0</parent_cid>
      <pic_url></pic_url>
      <sort_order>7</sort_order>
      <type>manual_type</type>
    </seller_cat>
    <seller_cat>
      <cid>384391619</cid>
      <name>卫衣</name>
      <parent_cid>357593160</parent_cid>
      <pic_url></pic_url>
      <sort_order>1</sort_order>
      <type>manual_type</type>
    </seller_cat>
    <seller_cat>
      <cid>359704286</cid>
      <name>雪纺衫</name>
      <parent_cid>357593160</parent_cid>
      <pic_url></pic_url>
      <sort_order>2</sort_order>
      <type>manual_type</type>
    </seller_cat>
    <seller_cat>
      <cid>359704287</cid>
      <name>小西装&amp;外套&amp;披肩</name>
      <parent_cid>357593160</parent_cid>
      <pic_url></pic_url>
      <sort_order>3</sort_order>
      <type>manual_type</type>
    </seller_cat>
    <seller_cat>
      <cid>363144107</cid>
      <name>衬衫</name>
      <parent_cid>357593160</parent_cid>
      <pic_url></pic_url>
      <sort_order>4</sort_order>
      <type>manual_type</type>
    </seller_cat>
    <seller_cat>
      <cid>373833340</cid>
      <name>针织衫</name>
      <parent_cid>0</parent_cid>
      <pic_url></pic_url>
      <sort_order>8</sort_order>
      <type>manual_type</type>
    </seller_cat>
    <seller_cat>
      <cid>357640875</cid>
      <name>裤裤</name>
      <parent_cid>0</parent_cid>
      <pic_url></pic_url>
      <sort_order>9</sort_order>
      <type>manual_type</type>
    </seller_cat>
    <seller_cat>
      <cid>363142073</cid>
      <name>短裙</name>
      <parent_cid>0</parent_cid>
      <pic_url></pic_url>
      <sort_order>10</sort_order>
      <type>manual_type</type>
    </seller_cat>
  </seller_cats>
</sellercats_list_get_response>
<!--top184171.cm3-->